Nanotecnologia,INCT-TeraNano,,University of California Davis,Dr. Abhaya Dandekar
Nanotecnologia,INCT-TeraNano,,The University of Texas,Dr. Glauco Souza
Nanotecnologia,INCT-TeraNano,,University of Toronto,Dr. Igor Stagljar
Nanotecnologia,INCT-TeraNano,,University of Southern Denmark,Dr. Jan Baumbach
Nanotecnologia,INCT-TeraNano,,Massachusetts Institute of Technology - MIT,Dr. Jeroen Saeij
Nanotecnologia,INCT-TeraNano,,University of Manchester,Dr. Jonny J. Blaker
Nanotecnologia,INCT-TeraNano,,University of California Davis,Dr. Lars Berglund
Nanotecnologia,INCT-TeraNano,,Infectious Disease Research Institute,Dr. Malcolm Duthie
Nanotecnologia,INCT-TeraNano,,University of Salzburg,Dr. Peter Briza
Nanotecnologia,INCT-TeraNano,,University of California Los Angeles – UCLA,Dr. Peter J. Bradley
Nanotecnologia,INCT-TeraNano,,University of California Davis,Dr. Ralph de Vere White
Nanotecnologia,INCT-TeraNano,,University of California Davis,Dr. Satya Dandekar
Nanotecnologia,INCT-TeraNano,,University of Toronto,Dr. Thomas Kislinger
Nanotecnologia,INCT-TeraNano,,UMR INRA,Dr. Yves Le Loir
Nanotecnologia,INCT-TeraNano,,Universidade Federal de Uberlândia,Dra. Adriana Bassini-Cameron
Nanotecnologia,INCT-TeraNano,,Leiden University Medical Center,Dra. Annemiek Geluk
Nanotecnologia,INCT-TeraNano,,University of Salzburg,Dra. Fatima Ferreira-Briza
Nanotecnologia,INCT-TeraNano,,Universidade Federal de Uberlândia,Dra. Luciana Machado Bastos
Nanotecnologia,INCT-TeraNano,,Georgetown University Medical Center,Dra. Luciane Regina Cavalli
Nanotecnologia,INCT-TeraNano,,Universidade Federal de Uberlândia,Dra. Natassia Caroline Resende Corrêa
Nanotecnologia,INCT-TeraNano,,Professor Adjunto,Murillo Guimarães Carneiro
Nanotecnologia,INCT-TeraNano,,IPEN - Instituto de Pesquisas Energéticas e Nucleares,Prof. Dr. Ademar Benévolo Lugão
Nanotecnologia,INCT-TeraNano,,Universidade Federal do Triangulo Mineiro,Prof. Dr. Alexandre de Paula Rogério
Nanotecnologia,INCT-TeraNano,,Universidade Federal do Pará,Prof. Dr. Antonio Carlos Rosário Vallinoto
Nanotecnologia,INCT-TeraNano,,Universidade Federal de Uberlândia,Prof. Dr. Carlos José Soares
Nanotecnologia,INCT-TeraNano,,Universidade Federal de Uberlândia,Prof. Dr. Carlos Ueira Vieira
Nanotecnologia,INCT-TeraNano,,Universidade Federal do Triangulo Mineiro,Prof. Dr. David Nascimento Silva Teixeira
Nanotecnologia,INCT-TeraNano,,Universidade Federal da Paraíba,Prof. Dr. Eliton Souto de Medeiros
Nanotecnologia,INCT-TeraNano,,Universidade Federal de Uberlândia,Prof. Dr. Elmiro Santos Resende
Nanotecnologia,INCT-TeraNano,,Universidade Federal de Uberlândia,Prof. Dr. Ernesto Akio Taketomi
Nanotecnologia,INCT-TeraNano,,Universidade Federal de Uberlândia,Prof. Dr. Foued Salmen Espíndola
Nanotecnologia,INCT-TeraNano,,Universidade Federal da Paraíba,Prof. Dr. Hugo Lemes Carlo
Nanotecnologia,INCT-TeraNano,,Universidade Federal de Uberlândia,Prof. Dr. Jair Pereira da Cunha Júnior
Nanotecnologia,INCT-TeraNano,,Universidade Federal de Uberlândia,Prof. Dr. João Marcos Madurro
Nanotecnologia,INCT-TeraNano,,Universidade Federal de Uberlândia,Prof. Dr. José Roberto Mineo
Nanotecnologia,INCT-TeraNano,,Universidade Federal da Paraíba,Prof. Dr. Lúcio Roberto Cançado Castellano
Nanotecnologia,INCT-TeraNano,,Universidade Federal da Bahia,Prof. Dr. Luis Gustavo Carvalho Pacheco
Nanotecnologia,INCT-TeraNano,,UNIRIO,Prof. Dr. Luiz Claudio Cameron
Nanotecnologia,INCT-TeraNano,,Universidade Federal do Pará,Prof. Dr. Luiz Fernando Almeida Machado
Nanotecnologia,INCT-TeraNano,,Universidade Federal de Uberlândia,Prof. Dr. Luiz Ricardo Goulart
Nanotecnologia,INCT-TeraNano,,Universidade Federal de Uberlândia,Prof. Dr. Marcelo Emilio Beletti
Nanotecnologia,INCT-TeraNano,,Universidade Federal de Uberlândia,Prof. Dr. Marcelo José Barbosa Silva
Nanotecnologia,INCT-TeraNano,,Universidade Federal de Alagoas,Prof. Dr. Marcos Vinícius Dias Vermelho
Nanotecnologia,INCT-TeraNano,,Universidade Federal de Uberlândia,Prof. Dr. Noélio Oliveira Dantas
Nanotecnologia,INCT-TeraNano,,Universidade Federal da Paraíba,Prof. Dr. Paulo Rogério Ferreti Bonan
Nanotecnologia,INCT-TeraNano,,Universidade Federal de Uberlândia,Prof. Dr. Rafael Nascimento
Nanotecnologia,INCT-TeraNano,,Universidade Federal do Pará,Prof. Dr. Ricardo Ishak
Nanotecnologia,INCT-TeraNano,,Universidade Federal de Uberlândia,Prof. Dr. Robinson Sabino-Silva
Nanotecnologia,INCT-TeraNano,,Universidade Federal de Uberlândia,Prof. Dr. Robson José de Oliveira Júnior
Nanotecnologia,INCT-TeraNano,,Universidade Federal de Uberlândia,Prof. Dr. Tiago Wilson Patriarca Mineo
Nanotecnologia,INCT-TeraNano,,Universidade Federal de Minas Gerais,Prof. Dr. Vasco Ariston de Carvalho Azevedo
Nanotecnologia,INCT-TeraNano,,Universidade Federal de Goiás,Profa. Dra. Adriana Freitas Neves
Nanotecnologia,INCT-TeraNano,,Universidade Federal de Uberlândia,Profa. Dra. Ana Graci Brito Madurro
Nanotecnologia,INCT-TeraNano,,Universidade Federal de Uberlândia,Profa. Dra. Belchiolina Beatriz Fonseca
Nanotecnologia,INCT-TeraNano,,Universidade Federal da Bahia,Profa. Dra. Camila Alexandrina Viana de Figueirêdo
Nanotecnologia,INCT-TeraNano,,Universidade Federal da Bahia,Profa. Dra. Carina da Silva Pinheiro
Nanotecnologia,INCT-TeraNano,,Universidade Federal de Alagoas,Profa. Dra. Eloísa Amália Vieira Ferro
Nanotecnologia,INCT-TeraNano,,Universidade Federal de Uberlândia,Profa. Dra. Fabiane Caxico de Abreu Galdino
Nanotecnologia,INCT-TeraNano,,Universidade Federal de Uberlândia,Profa. Dra. Françoise Vasconcelos Botelho
